open_time,BTC_open,BTC_close,BTC_low,BTC_high,ETH_open,ETH_close,ETH_low,ETH_high,BNB_open,BNB_close,BNB_low,BNB_high,XRP_open,XRP_close,XRP_low,XRP_high
2018-05-04 06:00:00,9635.39,9765.0,9605.0,9830.04,773.94,802.01,772.0,810.0,14.39,14.5253,14.31,14.7499,0.5,0.91596,0.5,1.5
2018-05-04 12:00:00,9760.33,9665.0,9570.1,9789.3,802.27,777.62,762.6,807.5,14.5253,14.3506,14.25,14.5705,0.91596,0.88421,0.87644,0.9245
2018-05-04 18:00:00,9664.9,9713.99,9615.92,9777.14,777.0,785.99,770.12,795.0,14.3486,14.3622,14.2999,14.479,0.88698,0.8899,0.88112,0.90699
2018-05-05 00:00:00,9714.0,9843.6,9682.0,9889.45,785.8,812.34,781.56,817.0,14.3621,14.325,14.21,14.57,0.8898,0.90549,0.888,0.90985
2018-05-05 06:00:00,9839.71,9900.0,9784.89,9972.0,812.05,817.8,802.39,823.2,14.3111,14.5002,14.27,14.55,0.90442,0.90176,0.89679,0.90985
2018-05-05 12:00:00,9900.56,9902.0,9870.0,10020.0,818.19,812.98,811.16,832.66,14.5,14.4399,14.2702,14.5253,0.90244,0.91501,0.90175,0.935
2018-05-05 18:00:00,9902.9,9864.0,9730.01,9924.07,812.39,819.5,799.61,821.21,14.4399,14.4468,14.3126,14.5,0.91501,0.9028,0.89601,0.92
2018-05-06 00:00:00,9863.99,9751.15,9751.0,9970.0,819.5,802.65,802.65,839.99,14.444,14.4717,14.4161,14.9384,0.9028,0.88445,0.88445,0.918
2018-05-06 06:00:00,9751.15,9539.94,9488.88,9770.83,803.78,774.07,770.0,804.99,14.4717,14.1504,14.0987,14.79,0.88446,0.8555,0.85,0.88489
2018-05-06 12:00:00,9536.98,9619.02,9417.03,9650.0,774.05,790.55,752.49,795.29,14.1586,13.9998,13.5495,14.1668,0.85576,0.86715,0.83774,0.8715
2018-05-06 18:00:00,9619.02,9659.01,9516.0,9682.28,790.55,794.3,776.52,796.83,13.9906,14.012,13.8001,14.09,0.86712,0.86483,0.85001,0.86899
2018-05-07 00:00:00,9661.02,9358.99,9252.0,9689.67,794.3,756.79,741.23,799.14,13.9993,13.2943,13.166,14.0764,0.86482,0.82,0.8,0.86886
2018-05-07 06:00:00,9358.99,9339.0,9258.0,9434.8,757.2,733.0,705.46,758.99,13.2936,13.3753,13.204,13.596,0.82,0.82,0.80201,0.836
2018-05-07 12:00:00,9335.88,9358.98,9181.0,9423.0,733.0,737.76,701.0,749.93,13.3899,13.4276,12.915,13.4811,0.8187,0.82415,0.8,0.828
2018-05-07 18:00:00,9358.99,9365.0,9269.46,9465.64,738.53,752.49,735.12,766.87,13.4201,13.71,13.4111,13.8499,0.82413,0.8249,0.81681,0.8422
2018-05-08 00:00:00,9365.0,9334.0,9318.87,9475.7,753.0,752.69,751.3,777.0,13.7191,13.675,13.64,13.9733,0.8249,0.8311,0.82345,0.84802
2018-05-08 06:00:00,9334.02,9198.0,9185.0,9414.4,752.69,728.01,727.98,762.5,13.675,13.2661,13.25,13.752,0.83032,0.80284,0.80284,0.83699
2018-05-08 12:00:00,9200.0,9136.93,9060.54,9200.01,728.01,735.74,720.02,742.91,13.2523,13.2451,13.0001,13.3001,0.80284,0.801,0.792,0.81198
2018-05-08 18:00:00,9136.95,9187.56,9080.0,9271.0,735.33,748.99,725.76,759.05,13.2437,13.4981,13.12,13.6499,0.80196,0.80667,0.7933,0.8158
2018-05-09 00:00:00,9178.0,9070.0,8965.0,9199.0,748.99,724.0,710.26,750.75,13.5,13.1859,13.02,13.6179,0.80667,0.76946,0.7569,0.80813
2018-05-09 06:00:00,9070.0,9258.13,9025.0,9272.0,724.0,743.96,717.0,748.8,13.1703,13.8143,13.1703,14.051,0.76946,0.79683,0.7613,0.80263
2018-05-09 12:00:00,9258.65,9322.0,9240.12,9390.0,743.49,752.25,741.1,760.74,13.8145,14.3406,13.767,14.49,0.79683,0.80423,0.7871,0.81894
2018-05-09 18:00:00,9325.99,9310.0,9231.0,9361.14,752.0,751.75,743.96,757.51,14.3407,14.6417,14.2861,14.8,0.80284,0.79481,0.79196,0.80683
2018-05-10 00:00:00,9310.0,9310.0,9280.88,9376.0,752.4,759.9,751.0,769.88,14.6266,14.3664,14.3371,15.05,0.79481,0.79487,0.79035,0.80572
2018-05-10 06:00:00,9310.0,9344.0,9260.0,9395.12,758.12,760.84,753.15,766.89,14.355,14.209,14.1501,14.4716,0.794,0.79552,0.78497,0.80194
2018-05-10 12:00:00,9344.0,9157.55,9090.0,9395.0,760.83,741.99,736.07,766.93,14.1905,14.148,13.9607,14.6884,0.79552,0.78063,0.769,0.805
2018-05-10 18:00:00,9159.55,9002.2,8970.0,9168.64,742.0,722.52,720.0,745.77,14.1479,13.7957,13.7323,14.169,0.78063,0.74558,0.74085,0.78177
2018-05-11 00:00:00,9002.21,9007.19,8850.0,9016.8,722.52,736.8,714.79,737.23,13.7737,13.9894,13.4,14.13,0.7492,0.75602,0.725,0.75602
2018-05-11 06:00:00,9005.07,8594.98,8582.5,9010.11,736.8,678.0,676.19,736.98,13.9895,12.8221,12.818,14.045,0.756,0.66197,0.6511,0.75602
2018-05-11 12:00:00,8594.98,8593.0,8462.0,8680.0,677.6,681.04,666.73,694.8,12.8221,12.8756,12.5211,13.0373,0.66194,0.69178,0.64758,0.70759
2018-05-11 18:00:00,8593.0,8400.0,8341.0,8684.0,681.69,676.96,663.0,693.46,12.8754,12.9884,12.5353,13.1879,0.6902,0.6761,0.655,0.703
2018-05-12 00:00:00,8405.94,8277.07,8254.7,8476.36,676.96,653.65,653.0,687.0,12.9603,12.3803,12.38,13.195,0.67376,0.64945,0.6478,0.69061
2018-05-12 06:00:00,8277.06,8524.02,8153.0,8588.0,653.65,677.13,633.2,689.31,12.3983,12.9984,12.1242,13.1,0.64787,0.69098,0.62519,0.705
2018-05-12 12:00:00,8524.02,8374.09,8250.0,8646.88,677.07,668.79,651.04,690.0,12.9983,12.6305,12.3456,13.27,0.69098,0.6671,0.654,0.71
2018-05-12 18:00:00,8374.9,8465.94,8296.12,8540.11,668.79,684.11,661.74,690.2,12.6076,12.9319,12.4997,13.086,0.6671,0.68522,0.65679,0.69376
2018-05-13 00:00:00,8475.44,8367.0,8298.0,8524.0,684.56,674.5,666.31,689.11,12.9319,12.8251,12.6186,13.1559,0.68192,0.67351,0.66456,0.69029
2018-05-13 06:00:00,8367.0,8555.0,8361.13,8610.0,675.04,695.01,673.8,700.69,12.8115,13.1455,12.7483,13.247,0.675,0.69042,0.67193,0.69499
2018-05-13 12:00:00,8555.0,8549.0,8505.99,8700.96,695.84,718.0,694.82,740.0,13.1318,12.88,12.7723,13.5794,0.6905,0.71759,0.687,0.7501
2018-05-13 18:00:00,8547.0,8679.71,8547.0,8763.36,718.0,729.08,717.02,742.0,12.88,13.1515,12.7914,13.2138,0.71756,0.72999,0.71513,0.7495
2018-05-14 00:00:00,8679.71,8369.14,8277.0,8709.93,729.08,699.0,687.0,733.99,13.1624,12.4681,12.2744,13.163,0.72999,0.7012,0.68585,0.73247
2018-05-14 06:00:00,8369.14,8415.01,8303.0,8448.0,699.45,713.34,691.78,716.87,12.4679,12.5933,12.2,12.6315,0.7013,0.718,0.69824,0.72368
2018-05-14 12:00:00,8415.02,8747.36,8300.0,8823.99,713.33,733.84,686.0,741.0,12.5767,12.9686,12.2769,13.1001,0.718,0.73377,0.6905,0.74666
2018-05-14 18:00:00,8742.0,8663.34,8593.11,8879.99,733.84,727.49,717.0,743.9,12.9933,12.8388,12.68,13.2,0.73377,0.72694,0.72,0.7499
2018-05-15 00:00:00,8663.37,8722.03,8611.0,8762.46,727.49,732.42,720.0,736.48,12.8448,13.1972,12.8347,13.2623,0.72695,0.74187,0.72367,0.7428
2018-05-15 06:00:00,8722.02,8760.0,8640.96,8859.99,733.0,732.51,722.0,740.0,13.1972,13.0665,12.9111,13.33,0.74187,0.7379,0.73001,0.74892
2018-05-15 12:00:00,8759.48,8547.9,8456.0,8793.84,732.51,716.93,707.75,735.85,13.0665,12.786,12.6181,13.1898,0.7379,0.71055,0.70267,0.74134
2018-05-15 18:00:00,8543.07,8462.0,8401.3,8588.64,716.94,704.91,695.0,717.55,12.7617,12.5389,12.4638,12.7898,0.71174,0.689,0.6801,0.71174
2018-05-16 00:00:00,8462.0,8200.0,8083.01,8488.0,704.91,683.07,673.52,709.0,12.5312,12.02,11.88,12.9199,0.689,0.67493,0.65756,0.6955
2018-05-16 06:00:00,8200.0,8355.0,8155.0,8417.87,684.0,704.66,680.49,712.84,12.009,12.2639,11.9211,12.4209,0.67392,0.69128,0.67101,0.70023
2018-05-16 12:00:00,8355.0,8270.01,8109.73,8387.0,704.66,693.26,678.01,708.28,12.2638,12.1109,11.8831,12.3437,0.69294,0.67804,0.66861,0.694
2018-05-16 18:00:00,8274.0,8330.0,8205.0,8352.19,693.27,706.29,691.75,707.5,12.1136,12.2901,12.0,12.3,0.68158,0.70585,0.67594,0.712
2018-05-17 00:00:00,8330.0,8351.0,8250.0,8464.0,706.8,710.85,702.89,719.25,12.28,12.5631,12.259,12.7317,0.70942,0.7011,0.6919,0.712
2018-05-17 06:00:00,8351.0,8296.98,8200.0,8365.67,710.85,700.95,695.0,712.49,12.5622,12.4166,12.2219,12.5622,0.70106,0.69059,0.6851,0.705
2018-05-17 12:00:00,8296.98,8243.51,8211.0,8354.0,701.71,691.12,688.0,708.56,12.4166,12.5202,12.3472,12.6488,0.68951,0.678,0.676,0.69854
2018-05-17 18:00:00,8241.42,8041.46,7979.0,8267.45,691.12,667.62,662.0,691.98,12.5049,12.3777,12.1818,12.9496,0.67844,0.65849,0.6482,0.68
2018-05-18 00:00:00,8038.82,8027.0,7911.9,8067.65,667.62,676.6,656.0,681.0,12.3679,12.4912,12.0001,12.5877,0.65849,0.66546,0.646,0.6699
2018-05-18 06:00:00,8027.01,8103.96,7955.24,8172.05,676.59,680.56,667.27,685.68,12.465,14.8798,12.4001,15.0099,0.66545,0.66875,0.65511,0.67479
2018-05-18 12:00:00,8110.04,8101.0,8030.0,8151.0,680.78,678.9,667.89,683.98,14.8503,14.6515,14.2022,16.276,0.66801,0.66035,0.65005,0.6727
2018-05-18 18:00:00,8101.0,8239.81,8075.0,8273.21,678.88,692.6,675.73,694.9,14.6689,15.1363,14.6,15.4899,0.66192,0.67766,0.656,0.68255
2018-05-19 00:00:00,8238.01,8224.03,8143.53,8256.99,693.26,691.05,682.46,696.0,15.0885,15.2498,14.601,15.6666,0.67698,0.67086,0.66834,0.6799
2018-05-19 06:00:00,8226.8,8366.08,8095.73,8372.86,691.05,709.16,682.31,709.16,15.2454,15.108,14.91,15.5338,0.67167,0.67996,0.6611,0.67998
2018-05-19 12:00:00,8372.83,8297.0,8261.0,8390.8,709.16,701.31,696.3,717.8,15.108,14.22,13.95,15.16,0.67998,0.67451,0.6715,0.69139
2018-05-19 18:00:00,8296.02,8233.49,8165.0,8325.57,701.32,697.0,684.0,704.99,14.219,14.33,14.02,14.35,0.67451,0.67339,0.6656,0.67995
2018-05-20 00:00:00,8233.49,8254.87,8163.9,8295.0,697.0,705.21,688.4,708.56,14.335,13.864,13.682,14.3995,0.67483,0.68056,0.668,0.6853
2018-05-20 06:00:00,8257.0,8340.88,8223.17,8386.0,705.21,712.5,703.7,718.2,13.9042,13.92,13.8067,14.1184,0.681,0.68408,0.67622,0.692
2018-05-20 12:00:00,8340.88,8530.0,8291.0,8548.0,713.13,721.2,706.98,729.88,13.9149,13.9299,13.7001,14.01,0.68408,0.6991,0.6789,0.704
2018-05-20 18:00:00,8532.0,8526.98,8479.0,8609.0,721.2,716.16,710.0,725.01,13.9232,14.1666,13.8912,14.3,0.6991,0.6994,0.69353,0.70659
2018-05-21 00:00:00,8526.97,8515.0,8441.58,8556.54,716.16,715.36,704.39,719.14,14.1664,14.2425,14.077,14.6,0.6994,0.6982,0.68834,0.705
2018-05-21 06:00:00,8514.32,8469.98,8419.61,8595.31,715.74,709.52,705.0,720.46,14.2425,14.0678,13.9231,14.5,0.6982,0.688,0.68203,0.704
2018-05-21 12:00:00,8469.99,8368.99,8350.0,8505.2,709.52,693.78,693.22,711.5,14.0501,14.3588,13.7,14.4607,0.68734,0.67277,0.6703,0.69115
2018-05-21 18:00:00,8368.98,8381.24,8305.0,8449.11,694.39,696.7,688.0,701.09,14.3211,14.6996,14.0455,14.8005,0.673,0.67612,0.66666,0.682
2018-05-22 00:00:00,8386.89,8287.0,8251.23,8400.18,697.1,688.72,682.2,699.6,14.6728,14.3592,14.1075,14.6994,0.67612,0.66865,0.66316,0.67817
2018-05-22 06:00:00,8287.0,8202.21,8191.41,8368.34,688.73,683.67,681.13,699.0,14.3321,14.3938,14.2,14.85,0.66765,0.664,0.66283,0.67601
2018-05-22 12:00:00,8205.01,8210.01,8145.0,8262.0,683.7,674.62,673.88,688.0,14.3938,14.4973,14.16,14.7859,0.664,0.66537,0.65658,0.67217
2018-05-22 18:00:00,8211.94,7977.11,7935.11,8233.99,674.62,640.99,637.32,675.33,14.4973,13.888,13.6911,14.5817,0.66412,0.63782,0.635,0.66858
2018-05-23 00:00:00,7977.12,7912.04,7860.0,8031.9,640.86,639.02,625.65,669.0,13.8544,13.2871,13.21,13.9299,0.63782,0.63,0.625,0.64488
2018-05-23 06:00:00,7910.44,7834.0,7783.0,7955.0,639.47,620.99,610.0,644.0,13.2873,12.957,12.57,13.4465,0.63146,0.61708,0.601,0.63704
2018-05-23 12:00:00,7839.96,7495.98,7425.0,7938.84,620.4,569.28,560.0,629.54,12.9388,12.4278,12.235,13.244,0.61694,0.5838,0.5731,0.625
2018-05-23 18:00:00,7495.98,7501.95,7425.0,7659.92,569.28,577.19,564.37,598.5,12.3947,12.4998,12.3102,12.8656,0.58226,0.59198,0.576,0.628
2018-05-24 00:00:00,7501.95,7688.39,7496.09,7730.73,577.19,604.46,576.39,612.1,12.4997,12.9933,12.48,13.1947,0.59053,0.614,0.59,0.6189
2018-05-24 06:00:00,7684.04,7364.99,7266.99,7697.39,604.46,564.76,550.0,605.8,12.9947,12.3994,12.1,13.0833,0.61323,0.60205,0.57617,0.61697
2018-05-24 12:00:00,7361.98,7512.37,7268.0,7589.0,565.0,585.01,555.01,596.18,12.38,12.7594,12.2003,12.8779,0.60299,0.61991,0.592,0.632
2018-05-24 18:00:00,7512.36,7575.01,7462.91,7640.79,585.07,602.18,582.22,604.46,12.7602,13.0288,12.6703,13.047,0.61991,0.62814,0.613,0.64
2018-05-25 00:00:00,7578.99,7622.01,7503.93,7647.79,602.08,612.94,588.01,613.14,13.0255,13.2342,12.9,13.3789,0.62966,0.62967,0.61928,0.63391
2018-05-25 06:00:00,7622.01,7463.97,7308.15,7649.55,612.6,597.57,582.41,617.46,13.2342,12.9022,12.66,13.2496,0.62967,0.6155,0.60002,0.63001
2018-05-25 12:00:00,7460.0,7427.82,7407.11,7542.99,597.57,586.29,584.22,607.05,12.9068,12.9799,12.7501,13.0899,0.61631,0.6003,0.59696,0.62
2018-05-25 18:00:00,7427.82,7457.0,7344.35,7505.0,586.28,585.55,568.7,586.51,12.9789,13.0129,12.5627,13.0488,0.5993,0.60459,0.59336,0.61037
2018-05-26 00:00:00,7456.99,7435.6,7357.4,7469.0,585.56,588.59,578.32,590.0,13.0129,12.95,12.7777,13.13,0.60596,0.60908,0.59771,0.60908
2018-05-26 06:00:00,7434.25,7528.68,7405.0,7620.0,587.8,599.58,586.04,606.29,12.95,13.0675,12.9288,13.283,0.60704,0.61628,0.60664,0.625
2018-05-26 12:00:00,7528.69,7548.26,7462.2,7560.0,599.59,603.7,595.01,605.0,13.067,13.0733,12.9066,13.0985,0.61729,0.622,0.61,0.62283
2018-05-26 18:00:00,7548.27,7333.96,7300.0,7620.0,603.7,586.0,582.1,607.62,13.0729,12.7888,12.6411,13.098,0.62131,0.60852,0.60234,0.62618
2018-05-27 00:00:00,7334.0,7288.39,7231.11,7340.06,586.03,581.1,575.6,587.04,12.7561,12.6506,12.61,12.7975,0.60907,0.59904,0.59705,0.60907
2018-05-27 06:00:00,7282.29,7334.0,7240.0,7394.4,581.11,575.83,572.01,592.0,12.6698,12.6918,12.6,12.77,0.59909,0.60729,0.59777,0.648
2018-05-27 12:00:00,7334.0,7360.0,7274.05,7367.98,575.78,570.28,564.05,577.0,12.6752,12.5597,12.4826,12.8,0.60725,0.60532,0.59842,0.60944
2018-05-27 18:00:00,7359.99,7338.99,7255.0,7400.0,570.45,570.4,557.43,573.42,12.5799,12.6046,12.2856,12.6538,0.60599,0.60416,0.59913,0.6092
2018-05-28 00:00:00,7338.99,7185.58,7159.1,7437.0,570.81,527.99,523.61,576.2,12.596,12.099,12.06,12.75,0.60417,0.57738,0.5731,0.6091
2018-05-28 06:00:00,7189.58,7191.65,7165.0,7248.65,527.48,529.36,525.0,540.21,12.1191,12.0904,12.07,12.2927,0.57696,0.56827,0.56645,0.58377
2018-05-28 12:00:00,7196.74,7228.11,7148.16,7300.0,529.64,526.99,520.7,541.38,12.0908,12.0931,12.0,12.32,0.56827,0.5725,0.56253,0.589
2018-05-28 18:00:00,7228.0,7099.0,7058.02,7246.45,526.99,511.5,506.11,529.44,12.0932,11.9179,11.611,12.18,0.57124,0.54689,0.5434,0.57388
2018-05-29 00:00:00,7099.0,7081.03,7032.95,7132.1,511.5,520.6,510.0,529.16,11.892,11.7755,11.6601,12.078,0.54689,0.55078,0.54303,0.5613
2018-05-29 06:00:00,7081.03,7405.61,7070.0,7483.78,520.63,552.9,517.38,556.47,11.7754,12.4873,11.7527,12.7,0.55078,0.58999,0.54897,0.59878
2018-05-29 12:00:00,7403.98,7516.1,7382.12,7536.2,553.69,565.51,548.04,572.25,12.499,12.638,12.301,12.7,0.58999,0.60302,0.5815,0.60455
2018-05-29 18:00:00,7516.1,7461.29,7401.02,7540.0,565.51,567.36,557.32,573.43,12.6212,12.6073,12.4,12.69,0.60302,0.59998,0.59009,0.60921
2018-05-30 00:00:00,7467.98,7498.62,7442.0,7569.0,567.09,570.22,563.5,585.83,12.5947,12.56,12.459,12.7927,0.5997,0.61395,0.59681,0.626
2018-05-30 06:00:00,7498.62,7518.51,7418.0,7548.0,570.22,570.82,555.28,576.27,12.5599,12.6787,12.35,12.722,0.61396,0.6128,0.60258,0.61848
2018-05-30 12:00:00,7518.51,7327.8,7260.5,7549.0,571.0,549.4,541.2,573.02,12.67,12.3516,12.17,12.781,0.6128,0.58901,0.58101,0.6165
2018-05-30 18:00:00,7325.04,7375.96,7288.0,7399.0,549.4,557.19,545.24,563.0,12.352,12.6199,12.2753,12.6275,0.58911,0.60149,0.58499,0.60565
2018-05-31 00:00:00,7382.07,7499.47,7327.51,7519.56,557.87,571.92,552.98,575.66,12.608,13.1944,12.38,13.2658,0.60051,0.60708,0.58829,0.61
2018-05-31 06:00:00,7497.21,7531.97,7484.08,7600.18,571.92,574.93,566.01,578.8,13.1945,13.8507,13.167,14.302,0.60712,0.61012,0.60358,0.617
2018-05-31 12:00:00,7531.0,7590.0,7486.15,7699.0,574.46,583.49,568.6,586.37,13.8416,14.0499,13.55,14.2302,0.61031,0.62004,0.6085,0.6216
2018-05-31 18:00:00,7589.54,7485.01,7420.23,7613.77,584.34,577.81,568.0,586.73,14.0495,14.2,13.7,14.235,0.62005,0.6114,0.602,0.62255
2018-06-01 00:00:00,7485.01,7490.0,7454.35,7538.0,577.81,574.46,568.9,582.98,14.1919,14.205,13.9202,14.467,0.6114,0.60844,0.606,0.61549
2018-06-01 06:00:00,7490.0,7361.39,7361.39,7608.55,574.35,570.63,570.13,590.26,14.1858,13.78,13.77,14.25,0.60792,0.6066,0.60652,0.6192
2018-06-01 12:00:00,7361.49,7432.99,7355.54,7461.06,570.14,568.02,564.93,589.66,13.7799,13.89,13.76,14.02,0.6066,0.60996,0.6024,0.6204
2018-06-01 18:00:00,7432.99,7521.01,7388.03,7540.0,568.56,579.0,565.07,582.15,13.8657,14.2888,13.8023,14.323,0.60997,0.62151,0.605,0.62428
2018-06-02 00:00:00,7521.01,7531.98,7437.0,7539.0,579.0,581.24,572.9,582.8,14.2503,14.1402,14.0001,14.41,0.62236,0.62459,0.61513,0.6246
2018-06-02 06:00:00,7531.02,7652.28,7465.53,7695.17,581.59,592.73,576.46,598.0,14.1316,14.5,14.0,14.6526,0.62459,0.646,0.6188,0.65
2018-06-02 12:00:00,7650.0,7642.37,7590.67,7697.33,592.73,589.99,587.01,597.1,14.4931,14.8799,14.4103,14.8799,0.64599,0.64171,0.636,0.65204
2018-06-02 18:00:00,7642.36,7640.03,7607.65,7672.0,589.99,590.85,589.1,599.17,14.8799,14.6732,14.59,14.882,0.64202,0.64269,0.64,0.64616
2018-06-03 00:00:00,7636.81,7655.0,7600.0,7676.12,590.85,596.39,590.1,597.07,14.6785,14.856,14.4248,14.973,0.64285,0.64573,0.63862,0.65215
2018-06-03 06:00:00,7655.0,7714.85,7640.0,7786.69,595.94,619.93,594.82,628.81,14.856,14.7861,14.715,15.0254,0.64573,0.66204,0.64181,0.67
2018-06-03 12:00:00,7714.85,7695.13,7669.77,7750.26,620.0,618.0,611.0,626.47,14.7871,14.597,14.4095,14.839,0.66204,0.66434,0.657,0.67589
2018-06-03 18:00:00,7695.99,7714.26,7636.21,7729.0,618.25,619.66,606.95,621.0,14.5781,14.6995,14.2657,14.6999,0.6648,0.6901,0.65,0.69101
2018-06-04 00:00:00,7714.26,7660.0,7608.39,7760.52,619.66,615.31,610.2,625.47,14.666,14.262,14.15,14.743,0.6901,0.677,0.6705,0.707
2018-06-04 06:00:00,7660.0,7505.0,7484.25,7660.01,615.31,592.32,591.2,615.93,14.2621,13.7961,13.76,14.2622,0.67691,0.64308,0.64019,0.6771
2018-06-04 12:00:00,7505.0,7475.92,7446.5,7538.99,592.46,586.54,580.15,598.38,13.7961,14.154,13.59,14.1569,0.64479,0.64452,0.6351,0.65353
2018-06-04 18:00:00,7475.36,7487.0,7459.0,7548.82,586.54,591.02,584.54,599.96,14.154,14.2636,14.0021,14.33,0.64519,0.65507,0.64248,0.67814
2018-06-05 00:00:00,7487.0,7424.1,7367.83,7518.8,591.02,583.71,576.08,599.0,14.2635,14.4186,14.1328,14.588,0.65508,0.64803,0.6328,0.6622
2018-06-05 06:00:00,7420.0,7428.88,7382.12,7470.0,583.71,587.02,570.36,609.0,14.3901,14.371,14.17,14.85,0.64801,0.662,0.6432,0.665
2018-06-05 12:00:00,7422.1,7620.12,7358.0,7679.49,587.76,609.94,583.0,614.0,14.3899,15.0959,14.2205,15.2001,0.662,0.679,0.65135,0.685
2018-06-05 18:00:00,7620.0,7625.0,7570.33,7650.0,609.94,609.05,603.0,614.0,15.0959,15.6156,14.9003,15.711,0.679,0.67464,0.66329,0.686
2018-06-06 00:00:00,7626.64,7614.19,7557.0,7647.77,609.29,605.31,598.41,611.98,15.6156,15.9562,15.23,16.0,0.67507,0.67082,0.66439,0.678
2018-06-06 06:00:00,7615.5,7619.0,7568.53,7690.52,605.31,606.01,600.05,613.35,15.94,16.7251,15.8929,17.4767,0.67053,0.67,0.66621,0.6833
2018-06-06 12:00:00,7615.02,7517.08,7488.01,7680.0,606.01,596.98,593.4,612.67,16.7297,16.4302,16.0633,17.05,0.67,0.65999,0.65496,0.68221
2018-06-06 18:00:00,7517.07,7658.84,7467.05,7699.0,597.01,607.4,593.52,610.0,16.4381,17.275,16.1497,17.35,0.65996,0.6741,0.653,0.6789
2018-06-07 00:00:00,7658.79,7712.0,7647.84,7765.0,606.68,610.47,606.59,618.0,17.2512,16.8286,16.4534,17.3475,0.6738,0.67762,0.67252,0.68999
2018-06-07 06:00:00,7714.8,7696.23,7660.83,7742.0,610.46,607.6,605.08,613.12,16.8035,16.6198,16.45,16.8286,0.67764,0.68081,0.67441,0.69
2018-06-07 12:00:00,7695.02,7699.01,7651.21,7740.9,608.14,607.86,602.57,611.5,16.6196,17.29,16.53,17.3735,0.68034,0.68017,0.67201,0.6852
2018-06-07 18:00:00,7699.02,7691.08,7620.0,7718.0,607.7,605.16,598.24,609.61,17.2899,16.2791,16.11,17.44,0.68009,0.67756,0.67089,0.683
2018-06-08 00:00:00,7691.08,7633.47,7596.0,7703.5,605.2,604.0,598.31,608.45,16.28,15.964,15.72,16.6579,0.6777,0.66914,0.66555,0.68
2018-06-08 06:00:00,7630.58,7558.99,7536.0,7654.98,604.0,596.56,595.1,606.65,15.9639,15.959,15.8165,16.4499,0.66828,0.6624,0.65832,0.6718
2018-06-08 12:00:00,7558.99,7651.0,7531.0,7668.0,596.56,600.67,593.33,602.94,15.9588,16.1979,15.8243,16.39,0.6624,0.67254,0.65914,0.67399
2018-06-08 18:00:00,7650.51,7603.44,7595.0,7664.43,601.27,598.68,595.64,602.77,16.1978,16.2292,16.115,16.4895,0.67254,0.6721,0.67109,0.678
2018-06-09 00:00:00,7603.44,7653.65,7601.22,7683.98,599.29,606.5,598.51,608.97,16.2292,16.733,16.1501,16.78,0.67211,0.67712,0.6719,0.67968
2018-06-09 06:00:00,7653.65,7635.01,7610.98,7682.08,606.5,605.1,601.56,608.27,16.733,16.63,16.4152,16.906,0.67708,0.67189,0.6698,0.68
2018-06-09 12:00:00,7635.01,7597.27,7563.3,7650.0,605.39,598.6,596.1,605.98,16.6194,16.03,15.9278,16.63,0.6719,0.66354,0.661,0.6728
2018-06-09 18:00:00,7597.3,7491.73,7450.0,7629.94,598.63,592.87,591.0,601.35,16.0302,16.0188,15.869,16.1616,0.66354,0.6574,0.65514,0.66819
2018-06-10 00:00:00,7491.73,7291.12,7252.86,7491.73,592.44,572.31,566.87,592.87,16.0192,15.3365,15.1692,16.1199,0.65687,0.63516,0.63333,0.6585
2018-06-10 06:00:00,7297.82,7235.1,7165.72,7315.41,572.3,567.06,557.31,574.27,15.3365,15.0414,14.5841,15.445,0.63524,0.62167,0.61117,0.63768
2018-06-10 12:00:00,7235.1,6749.33,6700.0,7293.21,566.67,533.67,529.17,571.18,15.0414,13.971,13.88,15.15,0.62114,0.58521,0.57853,0.6275
2018-06-10 18:00:00,6742.01,6764.99,6622.81,6841.35,535.0,524.11,501.13,541.71,13.97,14.18,13.4,14.4381,0.58793,0.58201,0.55,0.59792
2018-06-11 00:00:00,6765.0,6732.45,6669.01,6826.0,524.64,530.92,509.0,535.51,14.18,14.2822,13.6712,14.5897,0.58202,0.57836,0.56703,0.5921
2018-06-11 06:00:00,6732.52,6770.56,6610.0,6824.67,530.92,533.54,515.68,534.37,14.2822,14.9664,14.0301,14.9999,0.57832,0.57841,0.56,0.58431
2018-06-11 12:00:00,6770.62,6705.9,6634.77,6779.69,533.54,516.98,508.66,534.0,14.9663,14.44,14.1707,14.984,0.57837,0.57023,0.56,0.5804
2018-06-11 18:00:00,6705.9,6872.0,6657.75,6922.0,516.98,531.69,509.01,534.2,14.44,15.47,14.22,15.48,0.57023,0.59989,0.56581,0.6
2018-06-12 00:00:00,6872.0,6834.4,6770.63,6890.51,531.08,531.29,520.0,533.27,15.47,15.74,15.1011,16.1499,0.59901,0.59018,0.58072,0.5991
2018-06-12 06:00:00,6841.5,6831.7,6800.0,6872.68,531.29,531.87,526.73,538.88,15.7399,15.6,15.2602,16.16,0.5895,0.5895,0.584,0.59396
2018-06-12 12:00:00,6831.68,6712.57,6681.0,6834.01,532.34,515.75,514.5,532.9,15.6,15.5936,14.91,15.9,0.58941,0.56792,0.5641,0.58944
2018-06-12 18:00:00,6717.89,6530.0,6435.0,6723.95,516.09,493.0,482.0,517.0,15.5822,15.2263,14.86,15.727,0.56792,0.5556,0.5415,0.56983
2018-06-13 00:00:00,6530.0,6563.77,6501.01,6627.6,493.0,492.84,488.41,501.97,15.2265,15.6936,15.1752,15.85,0.5556,0.5536,0.55,0.56124
2018-06-13 06:00:00,6563.77,6447.01,6333.0,6577.67,492.86,476.01,461.0,495.49,15.6937,15.1535,14.57,15.694,0.55361,0.53598,0.52,0.55862
2018-06-13 12:00:00,6447.01,6316.63,6118.68,6487.96,476.0,473.35,449.06,480.99,15.1535,14.4979,13.6924,15.184,0.53544,0.524,0.50401,0.53952
2018-06-13 18:00:00,6316.63,6292.78,6219.0,6371.93,473.4,475.47,463.86,479.89,14.4999,14.5888,14.11,14.7203,0.524,0.52862,0.511,0.54898
2018-06-14 00:00:00,6292.78,6465.52,6260.0,6523.69,475.47,486.2,468.67,495.24,14.5794,14.6287,14.36,15.037,0.52863,0.5501,0.51934,0.55465
2018-06-14 06:00:00,6468.54,6528.0,6441.12,6556.77,486.2,487.95,479.68,490.5,14.6256,14.5196,14.3002,14.91,0.55044,0.55322,0.5434,0.55699
2018-06-14 12:00:00,6529.71,6610.46,6275.16,6654.76,487.95,512.86,460.0,526.88,14.5192,14.9288,14.0,15.08,0.55322,0.55432,0.52051,0.56301
2018-06-14 18:00:00,6614.25,6635.98,6580.3,6720.0,512.12,519.29,511.1,529.0,14.8988,14.867,14.6401,15.2,0.55583,0.55769,0.54757,0.569
2018-06-15 00:00:00,6638.67,6564.08,6525.01,6644.98,519.3,505.07,501.0,521.0,14.867,14.9393,14.602,14.9887,0.55765,0.54845,0.5402,0.558
2018-06-15 06:00:00,6565.91,6525.0,6445.0,6666.66,505.07,495.64,489.39,512.29,14.95,14.9577,14.7208,15.218,0.54839,0.54617,0.5401,0.55927
2018-06-15 12:00:00,6530.47,6534.43,6468.59,6620.0,495.63,501.1,485.5,512.04,14.9799,15.5756,14.75,15.65,0.54551,0.54532,0.538,0.555
2018-06-15 18:00:00,6534.42,6388.9,6362.31,6557.89,501.05,487.48,481.62,501.68,15.6184,14.9895,14.86,15.6184,0.54564,0.53258,0.52447,0.54955
2018-06-16 00:00:00,6380.01,6455.83,6370.0,6473.28,487.47,497.65,484.0,500.49,14.98,15.3939,14.82,15.448,0.53224,0.52803,0.5255,0.5385
2018-06-16 06:00:00,6455.82,6447.0,6419.1,6511.5,497.65,497.46,493.36,502.98,15.39,15.6704,15.22,15.7826,0.52804,0.5282,0.52601,0.53634
2018-06-16 12:00:00,6448.97,6522.91,6320.86,6560.0,497.46,500.01,483.72,503.28,15.6958,15.7699,15.1945,15.86,0.52844,0.53581,0.51733,0.53759
2018-06-16 18:00:00,6518.32,6483.98,6463.74,6550.85,499.92,496.74,493.52,502.95,15.7834,15.7602,15.63,15.96,0.5362,0.53275,0.53,0.53784
2018-06-17 00:00:00,6482.5,6513.0,6480.99,6551.52,496.45,502.22,496.17,507.6,15.7883,16.1642,15.6951,16.2302,0.53232,0.53401,0.53099,0.53797
2018-06-17 06:00:00,6513.0,6508.01,6490.0,6589.03,502.21,500.95,498.0,507.12,16.1786,16.4599,16.028,16.74,0.5342,0.53326,0.53,0.5437
2018-06-17 12:00:00,6511.47,6498.15,6435.0,6529.54,500.89,499.23,494.12,503.0,16.4599,17.0,16.33,17.134,0.53369,0.52648,0.51999,0.53393
2018-06-17 18:00:00,6498.14,6449.61,6422.0,6560.0,499.16,497.14,492.7,503.45,17.0002,16.5987,16.3595,17.2,0.52648,0.52617,0.523,0.53289
2018-06-18 00:00:00,6444.06,6423.26,6380.0,6467.43,497.15,493.66,487.27,497.83,16.6105,16.9988,16.11,17.0334,0.52669,0.52129,0.51855,0.52724
2018-06-18 06:00:00,6423.24,6418.26,6385.0,6500.0,493.66,492.67,489.53,499.94,16.9988,16.8742,16.7013,17.1998,0.52057,0.51206,0.50818,0.52542
2018-06-18 12:00:00,6419.63,6728.0,6401.42,6794.38,492.42,517.47,492.41,524.48,16.88,16.9245,16.41,17.15,0.51116,0.54213,0.50831,0.5535
2018-06-18 18:00:00,6726.01,6712.46,6671.0,6750.0,517.52,517.95,512.49,520.62,16.92,16.8111,16.7787,17.1092,0.54215,0.5387,0.53552,0.5493
2018-06-19 00:00:00,6711.39,6700.0,6656.5,6730.0,517.77,516.49,513.88,521.11,16.8092,16.756,16.382,16.95,0.53835,0.5379,0.53441,0.54413
2018-06-19 06:00:00,6700.0,6726.11,6665.0,6779.6,516.62,534.0,510.01,542.0,16.7558,16.5151,16.4818,16.7608,0.5379,0.54551,0.5325,0.55
2018-06-19 12:00:00,6726.11,6717.0,6653.0,6841.74,533.66,531.6,527.0,548.2,16.5151,16.3611,16.1288,16.6218,0.54682,0.54213,0.5207,0.56185
2018-06-19 18:00:00,6717.0,6741.21,6682.33,6751.0,531.6,537.97,529.27,539.07,16.3583,16.7556,16.2493,16.7715,0.54213,0.54834,0.5399,0.54921
2018-06-20 00:00:00,6740.0,6587.38,6551.81,6745.06,537.68,519.49,515.08,538.89,16.7395,15.8363,15.6,16.85,0.54833,0.52741,0.523,0.54995
2018-06-20 06:00:00,6587.38,6626.61,6587.0,6663.81,519.49,523.3,517.9,530.0,15.8363,15.9951,15.825,16.1969,0.52741,0.53043,0.52065,0.5364
2018-06-20 12:00:00,6626.6,6751.26,6572.0,6817.23,523.31,534.77,518.06,542.02,15.9941,15.96,15.8251,16.26,0.53093,0.53971,0.526,0.55188
2018-06-20 18:00:00,6751.21,6761.51,6708.93,6771.5,534.79,536.49,531.41,537.0,15.9599,16.0773,15.8468,16.15,0.53971,0.53916,0.5362,0.54249
2018-06-21 00:00:00,6763.21,6741.27,6729.16,6795.0,536.34,541.09,534.67,544.98,16.0768,16.284,16.0196,16.5303,0.53919,0.54168,0.53892,0.549
2018-06-21 06:00:00,6744.76,6732.85,6680.0,6779.69,541.45,536.18,528.0,544.0,16.2839,16.0664,15.865,16.448,0.54215,0.53903,0.53269,0.54584
2018-06-21 12:00:00,6730.0,6703.98,6672.57,6740.94,536.24,523.99,521.11,536.32,16.066,16.83,15.92,17.38,0.53875,0.53213,0.52899,0.53989
2018-06-21 18:00:00,6703.98,6718.84,6690.67,6748.0,523.71,526.18,521.8,528.1,16.83,17.0727,16.78,17.175,0.53211,0.53457,0.52928,0.53614
2018-06-22 00:00:00,6717.69,6650.0,6600.0,6733.97,526.32,513.44,510.48,526.44,17.0726,16.5754,16.43,17.25,0.5342,0.52458,0.522,0.53506
2018-06-22 06:00:00,6650.01,6348.52,6272.94,6659.0,513.44,486.99,483.5,515.0,16.5757,16.1392,15.88,16.7089,0.52456,0.50853,0.502,0.52789
2018-06-22 12:00:00,6351.0,6144.91,6070.61,6357.86,486.92,473.0,461.3,487.3,16.122,15.7762,15.5,16.2385,0.50847,0.49147,0.47111,0.50852
2018-06-22 18:00:00,6144.91,6045.0,5918.94,6236.0,472.18,462.09,450.0,482.66,15.7999,15.56,15.16,16.09,0.49074,0.48216,0.46859,0.49961
2018-06-23 00:00:00,6045.92,6066.64,6031.7,6169.64,462.4,463.82,460.06,475.09,15.55,15.4714,15.3761,15.9398,0.48287,0.4845,0.48071,0.49909
2018-06-23 06:00:00,6066.64,6126.0,6008.48,6163.29,463.82,472.59,455.0,477.0,15.4795,15.9956,15.3123,16.0488,0.48458,0.48681,0.47333,0.4904
2018-06-23 12:00:00,6126.0,6130.0,6049.0,6140.07,472.61,472.82,462.83,473.9,15.9954,15.7159,15.526,16.0,0.4855,0.48414,0.47659,0.4869
2018-06-23 18:00:00,6130.0,6149.98,6105.0,6260.0,473.32,473.41,470.49,481.0,15.7159,15.6398,15.4133,15.98,0.485,0.49005,0.48249,0.49424
2018-06-24 00:00:00,6149.98,5865.77,5811.0,6180.24,473.4,446.25,441.48,475.81,15.6024,14.1077,13.82,15.749,0.48963,0.45804,0.45599,0.4947
2018-06-24 06:00:00,5867.55,5904.98,5777.77,5919.5,446.25,440.34,432.0,446.55,14.0716,14.0272,13.588,14.37,0.45803,0.46385,0.443,0.468
2018-06-24 12:00:00,5900.01,6179.99,5750.0,6259.8,440.72,454.91,419.53,462.96,14.027,14.6603,13.3419,15.0281,0.46391,0.47608,0.43724,0.51
2018-06-24 18:00:00,6179.98,6136.97,6086.0,6200.0,454.91,454.41,448.0,461.7,14.6602,14.4174,14.1973,14.7272,0.47634,0.47331,0.46908,0.48429
2018-06-25 00:00:00,6137.95,6152.03,6097.58,6188.0,454.29,449.69,444.37,456.85,14.4174,14.2289,13.76,14.4491,0.47418,0.47598,0.47159,0.481
2018-06-25 06:00:00,6152.03,6232.82,6140.91,6239.73,449.69,465.4,448.5,467.93,14.2289,15.0115,14.2204,15.0573,0.47565,0.48747,0.47414,0.4918
2018-06-25 12:00:00,6231.0,6273.03,6061.97,6350.0,465.22,463.53,452.91,474.47,15.0299,14.8875,14.2,15.1532,0.48751,0.48234,0.47123,0.492
2018-06-25 18:00:00,6274.95,6252.0,6192.86,6300.02,463.53,458.7,456.0,465.63,14.8863,14.92,14.75,15.0537,0.48234,0.48125,0.47557,0.4992
2018-06-26 00:00:00,6252.0,6227.99,6180.0,6266.47,459.04,455.92,452.07,460.81,14.8982,14.7011,14.575,15.0098,0.48125,0.47879,0.474,0.48241
2018-06-26 06:00:00,6240.0,6205.7,6150.525,6257.035,457.21500000000003,450.305,446.28999999999996,458.38,14.79965,14.4528,14.2875,14.863800000000001,0.4796,0.474515,0.46935,0.482155
2018-06-26 12:00:00,6228.0,6183.41,6121.05,6247.6,455.39,444.69,440.51,455.95,14.7011,14.2045,14.0,14.7178,0.47795,0.47024,0.4647,0.4819
2018-06-26 18:00:00,6183.65,6070.78,6035.0,6272.54,444.7,429.34,429.0,449.4,14.2045,14.0525,13.83,14.4,0.47024,0.453,0.4511,0.4735
2018-06-27 00:00:00,6065.89,6076.94,6001.0,6113.0,429.81,432.79,425.46,434.88,14.0525,14.1233,13.8795,14.3404,0.45218,0.45772,0.44787,0.46166
2018-06-27 06:00:00,6076.94,6091.74,6055.08,6141.8,433.32,434.13,429.01,442.2,14.16,14.02,13.96,14.293,0.45774,0.4625,0.45553,0.4718
2018-06-27 12:00:00,6092.0,6120.01,5971.0,6164.99,434.2,434.21,420.19,436.5,14.02,13.9787,13.789,14.13,0.46277,0.46805,0.45224,0.47151
2018-06-27 18:00:00,6122.0,6133.73,6106.07,6190.43,434.21,441.64,433.04,445.95,13.98,14.0737,13.9671,14.24,0.468,0.4701,0.46616,0.47518
2018-06-28 00:00:00,6134.73,6114.99,6069.91,6173.01,441.36,434.5,430.0,443.96,14.0852,13.9673,13.81,14.16,0.47042,0.46375,0.46111,0.47396
2018-06-28 06:00:00,6118.21,6103.51,6082.01,6137.36,434.56,435.88,431.1,436.36,13.9748,14.56,13.8299,14.6714,0.46418,0.45999,0.45663,0.465
2018-06-28 12:00:00,6108.0,6106.58,6060.59,6136.27,435.88,436.6,432.17,440.0,14.56,14.5879,14.4528,14.9,0.45998,0.46081,0.45557,0.46262
2018-06-28 18:00:00,6107.66,5853.98,5827.0,6114.34,436.73,420.22,416.45,439.77,14.5879,14.206,13.89,14.6246,0.46121,0.44575,0.442,0.46121
2018-06-29 00:00:00,5851.01,5906.0,5780.0,5979.0,420.48,418.19,406.47,425.19,14.1312,14.1499,13.888,14.3,0.4463,0.44602,0.43887,0.4503
2018-06-29 06:00:00,5905.9,5877.12,5840.14,5933.6,417.99,410.81,409.11,419.24,14.1499,13.9009,13.8207,14.19,0.44603,0.42701,0.42663,0.4475
2018-06-29 12:00:00,5877.12,5897.99,5811.02,5913.0,411.14,412.31,404.48,415.79,13.9009,14.1711,13.734,14.216,0.427,0.43173,0.42393,0.436
2018-06-29 18:00:00,5897.99,6197.92,5868.0,6300.0,412.19,434.77,407.0,442.0,14.1808,14.5399,14.0601,14.7,0.43189,0.45321,0.42535,0.46124
2018-06-30 00:00:00,6197.92,6395.0,6186.03,6528.99,434.77,451.42,434.51,463.15,14.4847,14.617,14.4847,14.8843,0.45346,0.47155,0.45312,0.48318
2018-06-30 06:00:00,6395.0,6399.0,6367.4,6427.6,451.06,453.54,449.26,460.0,14.6168,14.787,14.256,15.1514,0.46963,0.46868,0.46577,0.47295
2018-06-30 12:00:00,6399.0,6339.97,6320.0,6466.75,453.32,446.64,441.0,459.0,14.7863,14.4656,14.3501,14.8949,0.46825,0.45952,0.45834,0.475
2018-06-30 18:00:00,6336.81,6390.07,6301.01,6423.0,445.94,454.09,441.05,456.0,14.4491,14.6851,14.4001,14.7371,0.45836,0.46796,0.4558,0.46988
2018-07-01 00:00:00,6391.08,6388.92,6315.0,6441.06,454.2,454.83,446.17,457.0,14.7344,14.5237,14.3,14.7499,0.46797,0.46199,0.45382,0.46989
2018-07-01 06:00:00,6384.78,6385.0,6330.0,6410.0,454.83,454.83,450.7,457.77,14.5321,14.5498,14.35,14.5733,0.46092,0.46199,0.4577,0.463
2018-07-01 12:00:00,6384.73,6332.43,6251.0,6389.37,455.0,449.59,443.73,455.27,14.5496,14.24,14.09,14.5496,0.462,0.45679,0.45007,0.46209
2018-07-01 18:00:00,6332.44,6356.81,6302.0,6429.99,449.59,452.1,447.06,455.8,14.2592,14.37,14.1674,14.47,0.4566,0.46222,0.45508,0.467
2018-07-02 00:00:00,6360.82,6293.1,6280.11,6369.0,452.14,446.79,446.0,453.45,14.3679,14.0301,14.0285,14.3885,0.46222,0.45564,0.45465,0.46347
2018-07-02 06:00:00,6293.12,6343.99,6271.62,6381.33,446.79,450.67,444.16,454.0,14.0301,14.0905,14.01,14.23,0.45564,0.45862,0.452,0.461
2018-07-02 12:00:00,6344.0,6618.0,6325.88,6679.71,450.7,471.79,449.24,478.0,14.09,14.53,14.031,14.7502,0.45925,0.48392,0.45694,0.49
2018-07-02 18:00:00,6617.8,6615.29,6599.05,6685.0,472.02,476.25,470.01,481.83,14.53,14.5968,14.51,14.699,0.48389,0.4899,0.48312,0.4954
2018-07-03 00:00:00,6615.29,6627.0,6596.31,6679.35,476.32,480.27,472.1,486.98,14.5968,14.6283,14.412,14.81,0.48913,0.50819,0.48757,0.52
2018-07-03 06:00:00,6627.0,6576.51,6519.99,6649.99,480.24,472.38,462.7,481.24,14.61,14.3191,14.2,14.6734,0.50871,0.49571,0.48514,0.51434
2018-07-03 12:00:00,6576.51,6585.88,6545.02,6599.0,472.39,467.25,465.34,472.5,14.3017,14.2826,14.187,14.364,0.49715,0.49538,0.48949,0.503
2018-07-03 18:00:00,6583.35,6513.86,6463.01,6655.0,467.37,461.82,457.0,471.66,14.2822,14.1639,14.0146,14.3099,0.49538,0.4844,0.47801,0.4984
2018-07-04 00:00:00,6511.01,6481.69,6441.11,6524.6,461.78,460.63,458.02,464.32,14.17,14.0206,13.94,14.1798,0.48469,0.48214,0.48028,0.48599
2018-07-04 06:00:00,6481.72,6536.93,6455.2,6600.0,460.92,466.49,458.44,468.34,14.0211,13.9538,13.8502,14.2499,0.48214,0.48434,0.47941,0.49
2018-07-04 12:00:00,6536.93,6673.01,6532.65,6784.92,466.66,473.46,466.45,482.7,13.9538,14.0915,13.9253,14.2421,0.48268,0.49526,0.48268,0.50655
2018-07-04 18:00:00,6673.01,6586.98,6555.0,6706.99,473.65,467.38,462.96,476.0,14.088,14.0212,13.86,14.129,0.49555,0.49097,0.485,0.508
2018-07-05 00:00:00,6585.53,6604.66,6510.0,6712.0,467.19,471.42,461.54,476.6,14.0212,13.8623,13.771,14.1367,0.49155,0.48959,0.48294,0.50295
2018-07-05 06:00:00,6604.66,6614.65,6551.0,6689.0,471.43,472.81,469.52,480.0,13.8623,13.8519,13.801,14.0146,0.48953,0.48739,0.48262,0.49392
2018-07-05 12:00:00,6613.52,6561.7,6530.28,6673.79,472.81,468.24,464.39,477.5,13.834,13.644,13.57,13.93,0.48704,0.47623,0.47355,0.49147
2018-07-05 18:00:00,6564.98,6529.2,6453.33,6585.0,468.22,467.87,458.8,470.56,13.6201,13.76,13.412,13.8,0.47622,0.4769,0.46887,0.4796
2018-07-06 00:00:00,6529.2,6494.99,6480.45,6553.0,467.79,463.24,463.24,470.51,13.76,13.5011,13.5011,13.8143,0.47772,0.46525,0.46451,0.47819
2018-07-06 06:00:00,6494.99,6526.56,6425.0,6548.0,463.48,463.22,451.29,464.07,13.505,13.3031,13.1402,13.5104,0.46528,0.4735,0.45747,0.47735
2018-07-06 12:00:00,6526.42,6598.0,6525.93,6648.54,463.03,471.58,463.03,476.0,13.3029,13.3729,13.24,13.4689,0.4743,0.47266,0.46785,0.48156
2018-07-06 18:00:00,6598.0,6609.78,6512.46,6630.0,471.64,470.47,465.1,474.19,13.3729,13.4366,13.241,13.4498,0.47396,0.47698,0.46674,0.4783
2018-07-07 00:00:00,6609.79,6597.99,6561.01,6618.8,470.48,469.41,465.33,472.86,13.4366,13.705,13.2799,13.9491,0.47644,0.47392,0.47113,0.47698
2018-07-07 06:00:00,6598.0,6584.79,6555.0,6600.0,469.45,470.7,466.93,471.0,13.7063,13.9798,13.7,14.3006,0.47451,0.4695,0.467,0.47451
2018-07-07 12:00:00,6584.79,6547.91,6511.44,6614.0,470.69,465.64,461.5,472.4,13.9798,13.828,13.501,14.1514,0.4692,0.46636,0.46381,0.47272
2018-07-07 18:00:00,6546.44,6756.98,6508.88,6818.16,465.61,485.57,463.56,487.99,13.828,14.16,13.804,14.1619,0.46589,0.48494,0.46406,0.488
2018-07-08 00:00:00,6753.48,6726.13,6708.0,6780.0,485.57,484.11,482.05,492.89,14.1546,13.9923,13.84,14.18,0.4852,0.48269,0.47867,0.48798
2018-07-08 06:00:00,6730.47,6735.43,6717.01,6745.49,484.11,486.03,484.01,486.5,14.0028,14.0718,13.8602,14.13,0.48269,0.48451,0.48224,0.4871
2018-07-08 12:00:00,6738.78,6758.18,6711.0,6778.73,486.09,490.74,484.1,495.98,14.0695,14.0107,13.8602,14.0805,0.48479,0.4857,0.48156,0.4879
2018-07-08 18:00:00,6758.19,6712.1,6667.44,6774.85,490.77,486.77,485.55,492.26,14.0107,14.01,13.86,14.098,0.48634,0.47915,0.4751,0.48762
2018-07-09 00:00:00,6712.1,6707.01,6677.31,6729.18,486.55,480.5,478.67,488.98,14.0096,13.93,13.7001,14.0497,0.47872,0.47769,0.47366,0.48079
2018-07-09 06:00:00,6707.01,6718.01,6657.02,6752.62,480.56,482.52,478.67,485.59,13.9357,13.9142,13.7598,14.0202,0.47766,0.47934,0.47416,0.48137
2018-07-09 12:00:00,6718.02,6695.01,6660.0,6745.0,482.51,476.14,473.01,484.01,13.914,13.6522,13.5349,13.92,0.47848,0.47198,0.47048,0.4805
2018-07-09 18:00:00,6695.99,6662.12,6612.24,6802.06,476.14,471.71,468.2,484.0,13.652,13.5348,13.4588,13.8372,0.47215,0.473,0.47015,0.48201
2018-07-10 00:00:00,6662.78,6618.13,6606.11,6681.0,471.73,458.5,450.0,473.23,13.5382,13.2751,13.2186,13.6312,0.4728,0.4636,0.46061,0.47338
2018-07-10 06:00:00,6618.13,6365.06,6327.0,6618.13,458.26,435.18,427.69,459.51,13.2918,12.8142,12.6245,13.2993,0.46265,0.4462,0.44154,0.46337
2018-07-10 12:00:00,6365.06,6365.41,6325.99,6413.97,435.09,434.6,431.2,444.42,12.8138,12.7533,12.6389,12.9537,0.4462,0.44647,0.44245,0.45216
2018-07-10 18:00:00,6365.41,6296.91,6263.0,6404.77,434.81,432.48,428.92,442.33,12.7555,12.77,12.6171,13.05,0.44649,0.44337,0.43866,0.44996
2018-07-11 00:00:00,6296.91,6341.92,6278.99,6400.0,432.55,431.51,427.12,440.99,12.77,12.2536,12.16,12.87,0.44247,0.44325,0.43958,0.45134
2018-07-11 06:00:00,6341.92,6374.97,6280.0,6406.0,431.57,443.98,424.2,452.69,12.2751,12.608,12.1201,12.73,0.44361,0.44763,0.43957,0.451
2018-07-11 12:00:00,6374.94,6347.07,6322.09,6391.91,443.95,437.48,435.07,446.24,12.6078,12.5325,12.3888,12.8599,0.44766,0.4475,0.442,0.45089
2018-07-11 18:00:00,6347.06,6378.07,6282.83,6381.08,437.52,444.99,432.16,445.42,12.5325,12.697,12.3501,12.73,0.44712,0.44872,0.44137,0.44998
2018-07-12 00:00:00,6378.07,6328.97,6300.18,6380.28,444.99,439.28,437.0,445.36,12.6899,12.49,12.4,12.7777,0.449,0.44425,0.44125,0.44932
2018-07-12 06:00:00,6327.99,6165.76,6135.0,6329.99,439.43,429.43,426.5,439.54,12.4899,12.0751,12.0004,12.4899,0.44424,0.43266,0.43052,0.44466
2018-07-12 12:00:00,6165.76,6177.5,6152.0,6198.36,429.51,430.74,427.47,434.53,12.0751,12.1599,12.0253,12.2199,0.43267,0.43521,0.43138,0.43622
2018-07-12 18:00:00,6176.54,6250.57,6070.0,6274.44,430.79,431.14,416.94,431.76,12.1599,12.1318,11.802,12.1977,0.4351,0.43675,0.4236,0.43795
2018-07-13 00:00:00,6251.4,6244.99,6216.02,6350.0,431.14,436.89,429.11,439.53,12.1256,12.3999,12.0201,12.4,0.43706,0.44442,0.4363,0.44509
2018-07-13 06:00:00,6244.99,6247.62,6211.58,6260.0,436.73,437.58,433.66,438.35,12.4,12.3486,12.25,12.4299,0.4445,0.44133,0.4397,0.44495
2018-07-13 12:00:00,6250.55,6274.31,6232.06,6295.0,437.57,437.01,435.64,442.47,12.336,12.3362,12.3,12.4235,0.44158,0.43955,0.43594,0.44497
2018-07-13 18:00:00,6274.31,6214.57,6110.0,6347.38,437.05,432.46,424.62,441.82,12.3438,12.1803,11.904,12.4199,0.43971,0.43754,0.43001,0.44417
2018-07-14 00:00:00,6214.57,6220.69,6191.78,6280.0,432.43,432.66,429.03,436.78,12.1772,12.079,12.0401,12.2799,0.43761,0.4373,0.43401,0.44029
2018-07-14 06:00:00,6222.83,6237.01,6178.0,6245.0,432.66,432.58,428.26,433.42,12.0874,12.0397,11.921,12.1621,0.43772,0.43614,0.431,0.43832
2018-07-14 12:00:00,6237.01,6263.86,6220.0,6274.41,432.65,436.37,432.48,439.24,12.0397,12.1,12.0258,12.1656,0.43635,0.43903,0.43546,0.44086
2018-07-14 18:00:00,6264.92,6251.99,6205.0,6335.0,436.34,433.19,430.3,440.0,12.0999,12.0595,12.02,12.2087,0.43977,0.43864,0.4359,0.4443
2018-07-15 00:00:00,6250.9,6287.82,6225.4,6293.15,433.2,436.83,430.52,436.98,12.0677,12.0988,11.93,12.1126,0.43864,0.43956,0.43509,0.44053
2018-07-15 06:00:00,6288.91,6355.51,6264.86,6395.0,436.81,447.09,435.45,448.45,12.0995,12.2851,12.0385,12.35,0.43999,0.44651,0.43789,0.449
2018-07-15 12:00:00,6355.97,6375.0,6329.0,6395.0,447.08,449.47,443.65,455.0,12.2851,12.3171,12.2266,12.399,0.44651,0.44897,0.44151,0.45004
2018-07-15 18:00:00,6375.0,6353.01,6340.0,6388.0,449.59,449.78,447.66,453.65,12.3223,12.321,12.256,12.38,0.449,0.44681,0.44537,0.44955
2018-07-16 00:00:00,6354.15,6367.09,6330.4,6383.85,449.79,448.35,444.03,451.77,12.321,12.5842,12.1525,12.6,0.44695,0.44555,0.4435,0.44894
2018-07-16 06:00:00,6366.0,6635.57,6362.02,6670.0,448.38,473.58,448.13,477.68,12.5817,13.1831,12.502,13.42,0.44555,0.46834,0.4448,0.47
2018-07-16 12:00:00,6631.12,6671.0,6579.99,6714.96,473.5,477.46,470.1,480.0,13.1899,13.3252,13.0191,13.4295,0.46816,0.4715,0.46031,0.4735
2018-07-16 18:00:00,6671.0,6723.35,6635.58,6747.3,477.37,478.49,473.52,480.57,13.3277,13.3471,13.0759,13.4255,0.47151,0.48173,0.46806,0.4858
2018-07-17 00:00:00,6723.33,6688.91,6671.01,6754.99,478.49,472.26,471.78,482.38,13.3717,12.95,12.8436,13.3967,0.48173,0.47296,0.47276,0.48634
2018-07-17 06:00:00,6687.76,6675.76,6652.04,6734.99,472.25,466.67,465.53,475.99,12.9419,12.8746,12.8284,13.1999,0.47298,0.47021,0.4665,0.47763
2018-07-17 12:00:00,6675.76,7180.95,6667.72,7270.53,467.04,496.53,465.29,496.8,12.8868,13.5,12.827,13.5,0.47021,0.50329,0.4692,0.5045
2018-07-17 18:00:00,7185.99,7317.44,7175.57,7468.99,496.59,498.76,496.25,512.0,13.4801,13.7398,13.4777,13.9,0.50234,0.50728,0.50086,0.52019
2018-07-18 00:00:00,7317.44,7455.0,7309.64,7550.0,498.89,503.98,498.39,515.47,13.7398,13.7161,13.511,13.88,0.50651,0.51609,0.50601,0.52525
2018-07-18 06:00:00,7453.45,7419.0,7310.48,7477.91,504.19,497.87,494.21,505.31,13.7204,13.6565,13.5301,13.77,0.51607,0.51224,0.50618,0.52
2018-07-18 12:00:00,7418.02,7505.0,7360.4,7531.3,497.88,495.91,488.5,501.0,13.6513,13.6957,13.5742,13.8071,0.51224,0.51745,0.50846,0.5204
2018-07-18 18:00:00,7505.0,7381.9,7225.38,7588.08,496.2,479.41,468.01,499.5,13.6946,12.8574,12.65,13.762,0.51784,0.48868,0.4752,0.5201
2018-07-19 00:00:00,7381.88,7330.74,7270.0,7381.9,479.4,475.57,469.02,479.49,12.8575,12.8694,12.7161,12.975,0.48869,0.48036,0.47457,0.4898
2018-07-19 06:00:00,7334.58,7414.49,7291.37,7440.48,475.52,479.89,475.0,481.17,12.8694,13.2634,12.8001,13.3776,0.48036,0.4878,0.47834,0.49147
2018-07-19 12:00:00,7419.65,7421.88,7352.0,7521.86,480.27,467.93,462.57,484.15,13.2626,12.9301,12.855,13.3399,0.48783,0.47932,0.47125,0.495
2018-07-19 18:00:00,7422.28,7466.21,7404.0,7576.28,467.83,468.57,465.7,478.18,12.9451,12.955,12.75,13.0272,0.47837,0.47687,0.47312,0.48307
2018-07-20 00:00:00,7468.86,7417.31,7367.0,7479.82,468.7,459.91,458.59,469.01,12.955,12.68,12.68,13.039,0.47703,0.4591,0.45901,0.4773
2018-07-20 06:00:00,7419.68,7504.65,7336.66,7517.86,459.83,465.16,451.93,469.48,12.6875,12.505,12.3003,12.6884,0.45926,0.46326,0.4447,0.46409
2018-07-20 12:00:00,7504.0,7328.66,7273.12,7700.0,465.42,449.85,449.32,471.02,12.505,12.0814,12.0213,12.5398,0.46326,0.44651,0.44513,0.46895
2018-07-20 18:00:00,7328.66,7337.53,7273.0,7390.0,449.85,449.04,440.0,453.65,12.0589,12.0798,11.821,12.2385,0.44653,0.44439,0.431,0.4505
2018-07-21 00:00:00,7337.47,7328.99,7211.0,7338.19,449.04,460.16,441.18,460.91,12.0701,12.0701,11.8087,12.1498,0.4444,0.4516,0.4346,0.45678
2018-07-21 06:00:00,7328.94,7314.19,7288.22,7359.63,460.28,457.05,450.28,464.51,12.1047,11.9882,11.9052,12.1497,0.45159,0.44875,0.44636,0.4539
2018-07-21 12:00:00,7314.18,7414.49,7297.44,7433.73,457.05,464.64,454.99,468.97,12.0029,12.285,11.94,12.2938,0.44864,0.45629,0.44711,0.459
2018-07-21 18:00:00,7412.75,7398.78,7390.13,7458.47,464.16,460.23,460.23,468.97,12.285,12.1959,12.0761,12.4933,0.45608,0.45506,0.4525,0.45869
2018-07-22 00:00:00,7399.25,7412.43,7339.0,7487.49,460.23,464.08,455.48,467.26,12.1655,12.319,12.0866,12.3306,0.45467,0.45301,0.44901,0.4574
2018-07-22 06:00:00,7413.69,7445.02,7370.1,7469.99,463.88,463.9,459.62,464.96,12.2968,12.2154,12.15,12.319,0.45302,0.45468,0.45,0.45552
2018-07-22 12:00:00,7446.0,7502.0,7429.92,7555.0,463.89,464.51,460.88,472.2,12.2219,12.16,12.14,12.3199,0.45471,0.46071,0.45305,0.46199
2018-07-22 18:00:00,7505.7,7394.79,7335.5,7582.4,464.43,457.47,454.19,467.06,12.1669,12.1885,11.9257,12.35,0.4607,0.44859,0.44589,0.46409
2018-07-23 00:00:00,7394.78,7654.39,7375.0,7710.0,457.47,466.83,455.0,469.82,12.1594,12.2389,12.0671,12.4,0.44859,0.461,0.4475,0.46371
2018-07-23 06:00:00,7651.83,7695.0,7648.0,7790.0,466.79,462.7,458.84,469.5,12.2601,12.01,11.95,12.3369,0.461,0.45165,0.45101,0.46302
2018-07-23 12:00:00,7695.0,7734.92,7671.0,7758.0,462.48,452.85,452.7,464.98,12.01,11.9644,11.9412,12.0975,0.45234,0.44569,0.44403,0.45468
2018-07-23 18:00:00,7734.91,7721.01,7638.8,7833.0,452.85,450.05,447.11,459.0,11.9606,12.0348,11.9,12.14,0.4457,0.44499,0.44212,0.45201
2018-07-24 00:00:00,7721.65,7985.99,7696.0,8043.23,450.05,463.48,448.47,463.62,12.0348,11.9812,11.6358,12.1479,0.4452,0.44872,0.438,0.45169
2018-07-24 06:00:00,7982.76,8257.99,7940.2,8280.0,463.06,475.18,463.05,477.0,11.9812,11.9529,11.845,12.1911,0.44875,0.45678,0.44863,0.462
2018-07-24 12:00:00,8257.98,8242.86,8120.01,8371.93,475.7,474.82,468.05,484.27,11.9527,12.1748,11.8269,12.2222,0.45843,0.4582,0.45155,0.4715
2018-07-24 18:00:00,8244.8,8397.24,8185.0,8486.0,474.81,479.28,471.49,481.0,12.18,12.1469,12.07,12.289,0.45823,0.45885,0.45,0.4624
2018-07-25 00:00:00,8397.24,8434.5,8293.0,8491.77,479.24,484.22,475.2,485.77,12.1469,12.8801,12.1111,12.93,0.45741,0.46425,0.45649,0.46519
2018-07-25 06:00:00,8434.99,8179.1,8137.01,8439.9,484.13,469.04,467.18,484.21,12.9095,12.9784,12.845,13.5136,0.46423,0.45633,0.45153,0.46423
2018-07-25 12:00:00,8184.6,8126.49,8050.0,8229.58,469.53,470.63,464.0,473.63,12.9781,12.9845,12.85,13.3224,0.45642,0.46766,0.45259,0.46878
2018-07-25 18:00:00,8128.7,8175.64,8071.94,8337.6,470.79,472.1,468.71,478.91,12.9844,13.0048,12.7228,13.062,0.46819,0.4598,0.45772,0.46846
2018-07-26 00:00:00,8175.63,8196.36,8169.26,8264.73,472.11,476.73,471.98,477.8,13.0448,12.9406,12.9008,13.234,0.45983,0.46236,0.45811,0.46595
2018-07-26 06:00:00,8196.37,8251.9,8193.03,8315.69,476.73,477.83,476.4,485.0,12.9543,13.0202,12.9411,13.2011,0.4621,0.465,0.46,0.46887
2018-07-26 12:00:00,8255.29,8219.31,8180.0,8260.0,478.0,477.7,473.0,478.73,13.024,13.2943,12.95,13.6397,0.465,0.46067,0.45417,0.465
2018-07-26 18:00:00,8219.31,7920.0,7850.06,8299.08,477.91,462.64,460.0,480.0,13.3085,13.3283,13.01,13.5,0.46068,0.44968,0.44538,0.46262
2018-07-27 00:00:00,7920.0,7927.84,7861.04,7963.94,462.17,464.07,461.63,465.96,13.3435,13.335,13.0383,13.4696,0.44878,0.45241,0.44752,0.45402
2018-07-27 06:00:00,7927.83,7938.07,7885.77,8003.81,464.36,462.62,457.82,467.12,13.3351,13.82,13.3083,13.82,0.4524,0.44915,0.44666,0.45436
2018-07-27 12:00:00,7934.69,8177.86,7805.0,8244.43,462.62,467.05,455.84,469.23,13.8199,13.91,13.41,13.9695,0.44873,0.45711,0.444,0.45862
2018-07-27 18:00:00,8177.93,8188.57,8128.0,8285.0,466.86,470.09,466.61,474.0,13.9122,13.9919,13.81,14.0845,0.45711,0.4555,0.45248,0.462
2018-07-28 00:00:00,8188.57,8180.01,8140.09,8235.33,470.09,469.39,467.28,472.0,13.9902,14.1096,13.72,14.12,0.4555,0.45393,0.45213,0.4562
2018-07-28 06:00:00,8181.68,8184.73,8145.0,8225.01,469.37,467.54,466.32,471.74,14.0956,14.5242,14.05,14.8886,0.45394,0.45251,0.45121,0.45887
2018-07-28 12:00:00,8184.69,8183.07,8067.0,8218.0,467.54,465.19,460.82,468.39,14.5242,14.6006,14.5045,14.88,0.45317,0.45181,0.44803,0.45362
2018-07-28 18:00:00,8184.0,8225.04,8150.0,8246.54,465.4,469.29,463.42,469.45,14.6006,14.669,14.35,14.7673,0.45191,0.45641,0.45095,0.45832
2018-07-29 00:00:00,8225.04,8210.07,8180.0,8294.51,468.44,466.3,463.81,472.0,14.6415,14.245,14.146,14.7512,0.45643,0.45239,0.45082,0.45849
2018-07-29 06:00:00,8212.1,8167.88,8115.0,8219.23,466.27,464.65,461.6,466.76,14.2401,13.9887,13.8849,14.5724,0.45271,0.45147,0.45,0.453
2018-07-29 12:00:00,8167.84,8196.9,8152.0,8242.42,464.73,465.02,463.21,467.72,13.9922,13.9185,13.666,14.0721,0.45151,0.4529,0.45088,0.45581
2018-07-29 18:00:00,8196.9,8211.0,8170.72,8278.78,465.02,466.4,464.1,469.84,13.8908,13.9569,13.8267,14.3,0.45261,0.45315,0.45095,0.45665
2018-07-30 00:00:00,8210.99,8188.78,8070.0,8273.0,466.4,464.32,459.33,469.79,13.9353,13.6445,13.5274,13.9724,0.45315,0.45398,0.44921,0.45621
2018-07-30 06:00:00,8188.39,8155.0,8125.0,8192.08,464.4,461.33,459.5,464.83,13.6449,13.7055,13.4501,13.84,0.45396,0.45001,0.44821,0.45449
2018-07-30 12:00:00,8155.04,7910.56,7885.0,8211.74,461.6,448.89,446.43,462.68,13.7055,13.0404,13.0122,13.724,0.45041,0.43691,0.43382,0.45378
2018-07-30 18:00:00,7910.56,8173.92,7866.0,8200.0,448.49,456.23,446.1,458.39,13.0301,13.1666,13.0,13.29,0.43732,0.44534,0.43451,0.4485
2018-07-31 00:00:00,8171.4,8138.86,8088.14,8180.0,456.19,451.69,449.0,457.3,13.2057,13.2317,13.001,13.3,0.44616,0.44288,0.43677,0.44641
2018-07-31 06:00:00,8144.99,7980.0,7927.0,8155.97,451.68,437.7,431.9,452.35,13.2498,13.45,13.1557,13.5115,0.44256,0.43666,0.434,0.44346
2018-07-31 12:00:00,7980.01,7727.25,7656.74,7981.45,438.25,433.12,427.3,438.47,13.4031,13.4903,13.4,13.86,0.43761,0.43535,0.4268,0.44
2018-07-31 18:00:00,7726.09,7730.93,7633.0,7779.0,433.13,432.22,427.0,435.5,13.4863,13.8369,13.4642,14.1,0.43538,0.4353,0.42813,0.43864
2018-08-01 00:00:00,7735.67,7528.94,7464.81,7750.0,432.2,418.24,411.62,434.99,13.8384,13.3288,13.1725,14.1,0.4353,0.42964,0.42671,0.43676
2018-08-01 06:00:00,7527.02,7566.17,7515.58,7660.95,418.23,424.64,417.66,427.46,13.329,13.6351,13.2,13.6476,0.43058,0.44765,0.42984,0.46382
2018-08-01 12:00:00,7569.78,7539.37,7530.0,7637.0,424.23,418.77,418.11,425.72,13.6351,13.4256,13.4135,13.6399,0.44766,0.446,0.44447,0.45382
2018-08-01 18:00:00,7539.99,7604.58,7430.0,7636.69,418.77,420.41,406.55,421.97,13.4466,13.6666,13.38,13.6962,0.44631,0.44642,0.43201,0.4499
2018-08-02 00:00:00,7600.08,7656.96,7597.5,7709.46,420.37,419.3,418.22,425.52,13.6481,13.4912,13.4836,13.8256,0.44673,0.44329,0.43895,0.44888
2018-08-02 06:00:00,7656.96,7560.05,7544.13,7699.0,419.64,414.7,412.85,422.13,13.5043,13.6128,13.364,13.78,0.44328,0.43557,0.43418,0.44399
2018-08-02 12:00:00,7562.42,7506.04,7455.72,7596.2,414.96,409.1,407.8,415.72,13.612,13.4588,13.3861,13.6799,0.43556,0.4333,0.429,0.43709
2018-08-02 18:00:00,7505.02,7525.71,7477.0,7575.0,409.16,410.62,407.43,412.51,13.45,14.15,13.3844,14.1999,0.43335,0.42975,0.42849,0.43562
2018-08-03 00:00:00,7525.71,7325.0,7282.44,7528.91,410.62,402.98,396.61,411.09,14.1302,13.8895,13.55,14.163,0.43021,0.44258,0.4253,0.44619
2018-08-03 06:00:00,7325.0,7359.94,7307.1,7425.9,402.98,410.4,401.53,411.96,13.8895,14.0098,13.8042,14.101,0.44257,0.43806,0.43552,0.44499
2018-08-03 12:00:00,7359.93,7528.0,7341.41,7540.0,410.4,418.6,409.0,419.3,13.9971,13.9243,13.87,14.05,0.43842,0.44311,0.43674,0.445
2018-08-03 18:00:00,7528.0,7418.78,7358.0,7531.13,418.57,417.52,410.99,420.01,13.9195,14.1251,13.9,14.18,0.44322,0.44033,0.4348,0.4435
2018-08-04 00:00:00,7412.27,7440.0,7386.46,7494.81,417.58,416.61,414.8,419.53,14.1251,14.0816,13.9505,14.199,0.44097,0.44194,0.43907,0.445
2018-08-04 06:00:00,7440.12,7398.57,7375.26,7482.65,416.62,414.07,412.02,418.66,14.0622,14.41,13.9512,14.47,0.44151,0.43727,0.4365,0.44215
2018-08-04 12:00:00,7397.22,6987.0,6926.0,7400.0,414.2,407.97,401.86,414.38,14.4052,13.6791,13.6124,14.4497,0.43726,0.43069,0.42881,0.43909
2018-08-04 18:00:00,6986.0,7009.84,6960.0,7049.37,407.97,407.21,404.18,409.36,13.6791,13.8663,13.55,13.9469,0.43027,0.42985,0.42741,0.43146
2018-08-05 00:00:00,7009.84,6986.02,6884.0,7030.65,407.21,406.86,400.16,409.47,13.8663,13.6671,13.5577,13.9499,0.42984,0.43181,0.42705,0.433
2018-08-05 06:00:00,6986.02,7025.24,6932.0,7089.87,406.9,406.44,402.19,409.0,13.6415,13.4967,13.2224,13.679,0.43183,0.43121,0.42901,0.43387
2018-08-05 12:00:00,7025.91,6983.04,6882.29,7069.98,406.48,404.79,402.88,408.5,13.5148,13.4489,13.3501,13.69,0.43196,0.42835,0.42731,0.43218
2018-08-05 18:00:00,6985.23,7024.19,6965.78,7079.79,404.86,408.79,404.01,413.24,13.449,13.64,13.4349,13.72,0.42865,0.4345,0.42751,0.43705
2018-08-06 00:00:00,7024.19,7088.16,7021.51,7160.0,408.77,410.76,407.89,413.28,13.6407,13.75,13.4688,13.7998,0.43437,0.43112,0.43051,0.43699
2018-08-06 06:00:00,7089.01,6980.0,6913.37,7114.14,411.09,407.59,405.46,411.22,13.7709,13.6197,13.575,13.975,0.43115,0.42689,0.42417,0.43171
2018-08-06 12:00:00,6979.62,6925.42,6861.06,6989.0,407.59,403.87,397.08,409.5,13.6006,13.5907,13.4902,13.7998,0.4269,0.42016,0.41929,0.42739
2018-08-06 18:00:00,6925.42,6934.82,6821.0,6952.59,403.93,405.28,400.05,407.29,13.5908,13.6998,13.47,13.7135,0.4206,0.4129,0.40127,0.42077
2018-08-07 00:00:00,6935.0,6935.09,6902.19,6990.53,405.19,405.11,402.97,407.13,13.6988,13.5542,13.515,13.7499,0.41328,0.40816,0.40501,0.41567
2018-08-07 06:00:00,6935.09,7087.99,6920.97,7120.0,405.11,410.0,404.55,412.76,13.5653,13.7639,13.4839,13.85,0.40782,0.4121,0.40724,0.4142
2018-08-07 12:00:00,7087.52,7116.41,7048.57,7150.46,410.1,408.46,407.31,410.24,13.7438,13.5748,13.549,13.7997,0.4121,0.40855,0.4061,0.41349
2018-08-07 18:00:00,7113.01,6720.06,6670.0,7119.01,408.46,378.21,369.19,408.66,13.5491,13.1488,13.0735,13.6811,0.40855,0.37863,0.37387,0.40875
2018-08-08 00:00:00,6720.63,6536.32,6392.62,6721.54,378.2,373.08,367.17,380.42,13.1486,12.6296,12.2907,13.1688,0.37863,0.35031,0.34008,0.37863
2018-08-08 06:00:00,6536.32,6512.69,6430.0,6560.61,373.08,368.83,360.73,374.0,12.6301,12.4635,12.25,12.6301,0.35033,0.35159,0.3422,0.35511
2018-08-08 12:00:00,6512.67,6235.48,6188.0,6520.86,368.83,355.91,347.25,369.85,12.4445,12.2671,11.96,12.5291,0.35198,0.32522,0.31928,0.352
2018-08-08 18:00:00,6235.5,6285.0,6123.0,6356.0,355.75,355.48,349.57,364.31,12.2657,12.1489,11.95,12.2749,0.32519,0.33171,0.3222,0.36248
2018-08-09 00:00:00,6283.27,6344.73,6265.0,6388.0,355.48,361.16,354.63,363.4,12.1489,12.2038,12.0408,12.2192,0.33197,0.354,0.33066,0.35468
2018-08-09 06:00:00,6344.71,6310.83,6268.0,6366.99,361.15,357.63,356.85,362.46,12.2129,12.4489,12.2129,12.601,0.354,0.34057,0.33671,0.35799
2018-08-09 12:00:00,6315.81,6470.87,6178.6,6550.0,357.63,363.15,350.51,368.25,12.4253,12.5041,12.1566,12.6157,0.34017,0.34211,0.328,0.353
2018-08-09 18:00:00,6470.87,6529.79,6450.0,6622.81,363.09,363.3,361.32,369.9,12.4959,12.7654,12.45,12.8769,0.3421,0.3441,0.34081,0.351
2018-08-10 00:00:00,6529.79,6427.78,6352.0,6575.88,363.21,359.51,356.92,365.87,12.7698,12.5487,12.47,12.8249,0.3441,0.33714,0.33345,0.34689
2018-08-10 06:00:00,6426.17,6328.51,6299.82,6476.19,359.45,356.99,353.5,362.0,12.5493,12.3279,12.26,12.7159,0.33695,0.33134,0.32911,0.33978
2018-08-10 12:00:00,6328.0,6418.35,6310.0,6527.39,356.99,357.08,355.25,363.65,12.3279,12.4329,12.305,12.6278,0.33131,0.33316,0.33036,0.33942
2018-08-10 18:00:00,6418.35,6144.01,6026.39,6423.28,356.87,331.81,325.95,357.42,12.4121,12.1472,11.6912,12.446,0.333,0.31897,0.31236,0.33497
2018-08-11 00:00:00,6148.13,6096.14,5971.0,6177.0,331.88,315.18,311.0,332.98,12.1387,11.7204,11.68,12.1666,0.31897,0.2935,0.29212,0.32008
2018-08-11 06:00:00,6099.41,6103.66,6046.53,6170.0,315.18,314.21,312.01,318.76,11.7204,11.7291,11.6854,11.8666,0.29427,0.29506,0.2874,0.302
2018-08-11 12:00:00,6103.66,6439.0,6059.7,6488.0,314.24,325.48,304.45,326.92,11.7293,11.7964,11.3,11.7984,0.29498,0.3108,0.288,0.31284
2018-08-11 18:00:00,6438.28,6232.35,6210.2,6454.04,325.98,317.69,316.8,330.5,11.7964,11.6972,11.45,11.9236,0.3114,0.29784,0.29676,0.31346
2018-08-12 00:00:00,6222.55,6340.38,6130.0,6370.0,317.49,326.07,313.42,326.69,11.69,11.6761,11.5,11.7823,0.29708,0.30731,0.29401,0.30938
